ST,accession,organism,16S_copies
2,GCF_016906225.1,Streptomyces californicus,5
2,GCF_016906245.1,Streptomyces californicus,6
2,GCF_000715745.1,Streptomyces californicus,1
2,GCF_000717645.1,Streptomyces californicus,1
2,GCF_000717965.1,Streptomyces purpeochromogenes,1
2,GCF_000718245.1,Streptomyces californicus,1
2,GCF_016906205.1,Streptomyces californicus,6
2,GCF_016906185.1,Streptomyces californicus,5
2,GCF_000720065.1,Streptomyces sp.,1
2,GCF_000718615.1,Streptomyces purpeochromogenes,1
9,GCF_000717025.1,Streptomyces atroolivaceus,1
11,GCF_000725545.1,Streptomyces exfoliatus,1
11,GCF_000718175.1,Streptomyces exfoliatus,1
12,GCF_009866455.1,Streptomyces griseus,1
12,GCF_009862245.1,Streptomyces sp.,6
12,GCF_001723115.1,Streptomyces griseus,1
12,GCF_000010605.1,Streptomyces griseus,6
12,GCF_900105705.1,Streptomyces griseus,6
12,GCF_900460065.1,Streptomyces griseus,4
16,GCF_001418465.1,Streptomyces kanamyceticus,1
16,GCF_008704495.1,Streptomyces kanamyceticus,3
17,GCF_003182455.1,Streptomyces venezuelae,1
17,GCF_001886595.1,Streptomyces venezuelae,4
17,GCF_008639165.1,Streptomyces venezuelae,5
18,GCF_000720455.1,Streptomyces virginiae,1
18,GCF_000720235.1,Streptomyces sp.,1
18,GCF_000966965.1,Streptomyces sp.,1
20,GCF_002154575.1,Streptomyces bobili,1
24,GCF_002154385.1,Streptomyces albovinaceus,1
25,GCF_004028635.1,Streptomyces cyaneus,1
29,GCF_001700505.1,Streptomyces mutomycini,1
32,GCF_014650935.1,Streptomyces subrutilus,1
32,GCF_008704535.1,Streptomyces subrutilus,6
38,GCF_000716935.1,Streptomyces alboviridis,1
39,GCF_009862345.1,Streptomyces sp.,5
39,GCF_000359525.1,Streptomyces albidoflavus,5
39,GCF_013693715.1,Streptomyces albidoflavus,4
45,GCF_016755855.1,Streptomyces nojiriensis,7
45,GCF_014648615.1,Streptomyces nojiriensis,1
45,GCF_017639205.1,Streptomyces nojiriensis,7
47,GCF_016755875.1,Streptomyces spororaveus,7
49,GCF_000717665.1,Streptomyces californicus,1
51,GCF_013167895.1,Streptomyces fulvorobeus,3
51,GCF_013409565.1,Streptomyces fulvorobeus,3
52,GCF_000720485.1,Streptomyces ochraceiscleroticus,1
55,GCF_001723055.1,Streptomyces niveus,1
56,GCF_001553475.1,Streptomyces hygroscopicus,1
56,GCF_001553455.1,Streptomyces hygroscopicus,1
58,GCF_004125245.1,Streptomyces lydicus,7
59,GCF_009811635.1,Streptomyces tubercidicus,7
60,GCF_001294335.1,Streptomyces chattanoogensis,1
66,GCF_009811555.1,Streptomyces caniferus,7
67,GCF_005405925.1,Streptomyces antimycoticus,1
69,GCF_014648695.1,Streptomyces albospinus,1
78,GCF_001553435.1,Streptomyces hygroscopicus,1
78,GCF_001570645.1,Streptomyces hygroscopicus,1
82,GCF_001270575.1,Streptomyces decoyicus,1
85,GCF_003970715.1,Streptomyces luteoverticillatus,6
91,GCF_002727115.1,Streptomyces cinnamoneus,8
91,GCF_002939475.1,Streptomyces cinnamoneus,3
92,GCF_009811595.1,Streptomyces libani,4
93,GCF_016834575.1,Streptomyces sp.,1
94,GCF_002154275.1,Streptomyces antimycoticus,1
95,GCF_009936315.1,Streptomyces antimycoticus,3
98,GCF_018138705.1,Streptomyces indonesiensis,2
98,GCF_018138715.1,Streptomyces asiaticus,4
99,GCF_017942185.1,Streptomyces rhizosphaericus,5
99,GCF_002155885.1,Streptomyces rhizosphaericus,1
103,GCF_000715845.1,Streptomyces monomycini,1
105,GCF_004195845.1,Streptomyces albidoflavus,1
105,GCF_009864985.1,Streptomyces sp.,1
107,GCF_004195885.1,Streptomyces albidoflavus,1
110,GCF_004195755.1,Streptomyces albidoflavus,1
120,GCF_016612755.1,Streptomyces sp.,1
123,GCF_001514195.1,Streptomyces griseorubiginosus,1
124,GCF_014070435.1,Streptomyces pristinaespiralis,5
124,GCF_001278075.1,Streptomyces pristinaespiralis,6
125,GCF_008704555.1,Streptomyces nitrosporeus,6
125,GCF_014650375.1,Streptomyces nitrosporeus,1
128,GCF_016906265.1,Streptomyces californicus,6
129,GCF_002155905.1,Streptomyces tricolor,1
138,GCF_004195945.1,Streptomyces albidoflavus,1
143,GCF_004196035.1,Streptomyces albidoflavus,1
144,GCF_004195935.1,Streptomyces albidoflavus,1
144,GCF_004195955.1,Streptomyces albidoflavus,1
146,GCF_004195995.1,Streptomyces albidoflavus,1
148,GCF_004195855.1,Streptomyces albidoflavus,1
150,GCF_004196155.1,Streptomyces albidoflavus,1
150,GCF_004196145.1,Streptomyces albidoflavus,1
151,GCF_009865085.1,Streptomyces sp.,1
152,GCF_004195965.1,Streptomyces albidoflavus,1
155,GCF_000716675.1,Streptomyces alboflavus,1
155,GCF_000719015.1,Streptomyces ruber,1
155,GCF_000725575.1,Streptomyces ruber,1
156,GCF_001418125.1,Streptomyces albus,1
156,GCF_001418545.1,Streptomyces albus,1
156,GCF_001661615.1,Streptomyces albus,1
156,GCF_000813365.1,Streptomyces albus,1
157,GCF_002154415.1,Streptomyces angustmyceticus,1
160,GCF_000009765.2,Streptomyces avermitilis,6
160,GCF_009862865.1,Streptomyces sp.,6
160,GCF_005406005.1,Streptomyces avermitilis,5
160,GCF_005405965.1,Streptomyces avermitilis,5
160,GCF_000764715.1,Streptomyces avermitilis,1
160,GCF_002017835.1,Streptomyces avermitilis,5
160,GCF_001514135.1,Streptomyces avermitilis,1
162,GCF_000340335.1,Streptomyces bottropensis,1
162,GCF_000383595.1,Streptomyces bottropensis,6
162,GCF_009870085.1,Streptomyces sp.,1
167,GCF_015767775.1,Streptomyces clavuligerus,5
167,GCF_015767795.1,Streptomyces clavuligerus,5
167,GCF_015767815.1,Streptomyces clavuligerus,4
167,GCF_015767855.1,Streptomyces clavuligerus,5
167,GCF_015767875.1,Streptomyces clavuligerus,5
167,GCF_015767895.1,Streptomyces clavuligerus,4
167,GCF_015912995.1,Streptomyces clavuligerus,1
167,GCF_015767915.1,Streptomyces clavuligerus,5
167,GCF_015767935.1,Streptomyces clavuligerus,5
167,GCF_015912395.1,Streptomyces clavuligerus,1
167,GCF_015912435.1,Streptomyces clavuligerus,1
167,GCF_015912455.1,Streptomyces clavuligerus,1
167,GCF_015767755.1,Streptomyces clavuligerus,5
167,GCF_015912465.1,Streptomyces clavuligerus,1
167,GCF_015912875.1,Streptomyces clavuligerus,1
167,GCF_015912895.1,Streptomyces clavuligerus,1
167,GCF_015912985.1,Streptomyces clavuligerus,1
167,GCF_015912975.1,Streptomyces clavuligerus,1
167,GCF_015767735.1,Streptomyces clavuligerus,5
167,GCF_015912925.1,Streptomyces clavuligerus,1
167,GCF_000148465.1,Streptomyces clavuligerus,3
167,GCF_000163875.1,Streptomyces clavuligerus,4
167,GCF_001693675.1,Streptomyces clavuligerus,6
167,GCF_003454755.1,Streptomyces clavuligerus,6
167,GCF_005519465.1,Streptomyces clavuligerus,5
167,GCF_015708605.1,Streptomyces clavuligerus,5
167,GCF_015912945.1,Streptomyces clavuligerus,1
168,GCF_008931305.1,Streptomyces coelicolor,4
168,GCF_004368945.1,Streptomyces coelicolor,1
168,GCF_008124905.1,Streptomyces coelicolor,1
168,GCF_004368985.1,Streptomyces coelicolor,1
168,GCF_008124965.1,Streptomyces coelicolor,1
168,GCF_009862445.1,Streptomyces sp.,4
168,GCF_008124915.1,Streptomyces coelicolor,1
168,GCF_013317105.1,Streptomyces coelicolor,4
168,GCF_008125015.1,Streptomyces coelicolor,1
168,GCF_013307045.1,Streptomyces coelicolor,1
168,GCF_008124985.1,Streptomyces coelicolor,1
168,GCF_008124975.1,Streptomyces coelicolor,1
168,GCF_008125035.1,Streptomyces coelicolor,1
173,GCF_000955965.1,Streptomyces variegatus,1
173,GCF_000725785.1,Streptomyces flavovariabilis,1
174,GCF_000385945.1,Streptomyces fulvissimus,6
180,GCF_001418475.1,Streptomyces ossamyceticus,1
181,GCF_000717055.1,Streptomyces iakyrus,1
182,GCF_006547165.1,Streptomyces ipomoeae,1
183,GCF_000966975.1,Streptomyces katrae,1
184,GCF_000718155.1,Streptomyces lavendulae,1
185,GCF_000718625.1,Streptomyces lavenduligriseus,1
185,GCF_011820545.1,Streptomyces sp.,4
186,GCF_000696595.1,Streptomyces leeuwenhoekii,1
190,GCF_000342125.1,Streptomyces mobaraensis,1
191,GCF_001418645.1,Streptomyces neyagawaensis,1
193,GCF_000819545.1,Streptomyces nodosus,1
194,GCF_000716875.1,Streptomyces novaecaesareae,1
194,GCF_000717725.1,Streptomyces pyridomyceticus,1
195,GCF_000721235.1,Streptomyces olivaceus,1
202,GCF_000367365.1,Streptomyces prunicolor,1
204,GCF_000384175.1,Streptomyces purpureus,2
206,GCF_001270505.1,Streptomyces resistomycificus,1
206,GCF_001514265.1,Streptomyces resistomycificus,1
206,GCF_000716215.1,Streptomyces resistomycificus,1
219,GCF_009862895.1,Streptomyces sp.,1
220,GCF_003073355.1,Streptomyces scopuliridis,1
220,GCF_000718095.1,Streptomyces scopuliridis,1
226,GCF_000718635.1,Streptomyces varsoviensis,1
226,GCF_000719255.1,Streptomyces varsoviensis,1
227,GCF_000830005.1,Streptomyces vietnamensis,7
230,GCF_001445835.1,Streptomyces vitaminophilus,1
230,GCF_000380165.1,Streptomyces vitaminophilus,1
231,GCF_001270515.1,Streptomyces viridochromogenes,1
231,GCF_000716445.1,Streptomyces wedmorensis,1
232,GCF_000725805.1,Streptomyces xanthophaeus,1
233,GCF_000220705.2,Streptomyces xinghaiensis,2
234,GCF_000745345.1,Streptomyces yeochonensis,5
236,GCF_000225525.1,Streptomyces zinciresistens,1
238,GCF_000092385.1,Streptomyces bingchenggensis,6
239,GCF_000147815.2,Streptomyces violaceusniger,4
240,GCF_000177175.2,Streptomyces sp.,3
240,GCF_009863155.1,Streptomyces sp.,3
241,GCF_900095575.1,Streptomyces sp.,1
241,GCF_900091715.1,Streptomyces sp.,1
241,GCF_009865465.1,Streptomyces sp.,6
241,GCF_009863165.1,Streptomyces sp.,1
241,GCF_009862475.1,Streptomyces sp.,1
241,GCF_009862105.1,Streptomyces sp.,1
241,GCF_000177195.2,Streptomyces sp.,6
241,GCF_000382745.1,Streptomyces sp.,1
242,GCF_000226455.1,Streptomyces chartreusis,1
242,GCF_900236505.1,Streptomyces chartreusis,6
242,GCF_009862985.1,Streptomyces sp.,1
242,GCF_900236475.1,Streptomyces chartreusis,6
243,GCF_000239075.1,Streptomyces sp.,1
244,GCF_000241835.1,Streptomyces coelicoflavus,5
244,GCF_009872595.1,Streptomyces sp.,5
245,GCF_000340845.1,Streptomyces hygroscopicus,1
245,GCF_000245355.1,Streptomyces hygroscopicus,1
246,GCF_009862215.1,Streptomyces sp.,1
246,GCF_000253235.1,Streptomyces venezuelae,1
247,GCF_000261345.2,Streptomyces globisporus,6
248,GCF_000297635.1,Streptomyces sp.,1
249,GCF_000299175.2,Streptomyces sp.,1
250,GCF_000317595.1,Streptomyces ipomoeae,7
251,GCF_000718295.1,Streptomyces capuensis,1
251,GCF_000718865.1,Streptomyces rimosus,1
251,GCF_000721045.1,Streptomyces rimosus,1
251,GCF_000720605.1,Streptomyces rimosus,1
251,GCF_000720715.1,Streptomyces rimosus,1
251,GCF_000721155.1,Streptomyces lavendulae,1
251,GCF_000718855.1,Streptomyces lavendulae,1
251,GCF_000717285.1,Streptomyces rimosus,1
251,GCF_000720565.1,Streptomyces rimosus,1
251,GCF_000718715.1,Streptomyces rimosus,1
251,GCF_000718815.1,Streptomyces sp.,1
251,GCF_000716845.1,Streptomyces capuensis,1
251,GCF_000707925.2,Streptomyces rimosus,3
251,GCF_000718835.1,Streptomyces rimosus,1
251,GCF_009862935.1,Streptomyces sp.,1
251,GCF_001279025.1,Streptomyces sp.,1
251,GCF_001279075.1,Streptomyces rimosus,1
251,GCF_008704655.1,Streptomyces rimosus,4
251,GCF_001279015.1,Streptomyces rimosus,1
251,GCF_001279095.1,Streptomyces rimosus,1
251,GCF_000331185.2,Streptomyces rimosus,5
251,GCF_006229535.1,Streptomyces rimosus,7
251,GCF_001279105.1,Streptomyces rimosus,1
251,GCF_001279375.1,Streptomyces rimosus,1
251,GCF_001507395.1,Streptomyces rimosus,1
252,GCF_000332625.1,Streptomyces viridochromogenes,1
253,GCF_000349325.1,Streptomyces davaonensis,6
254,GCF_000364805.1,Streptomyces sp.,5
255,GCF_000373405.1,Streptomyces sp.,1
255,GCF_009872615.1,Streptomyces sp.,1
256,GCF_000377965.1,Streptomyces sp.,1
257,GCF_000972395.1,Streptomyces sp.,1
257,GCF_000403665.1,Streptomyces lividans,1
258,GCF_000403765.2,Streptomyces albulus,1
258,GCF_003851665.1,Streptomyces albulus,6
259,GCF_000720885.1,Streptomyces albus,1
259,GCF_011006355.1,Streptomyces albus,1
259,GCF_004768505.1,Streptomyces albus,1
259,GCF_000411495.1,Streptomyces sp.,2
260,GCF_000444875.1,Streptomyces collinus,6
261,GCF_000495635.1,Streptomyces sp.,5
262,GCF_000495755.1,Streptomyces sp.,6
263,GCF_000498935.1,Streptomyces sp.,1
264,GCF_009865365.1,Streptomyces sp.,1
264,GCF_000514055.1,Streptomyces griseolus,1
264,GCF_900091745.1,Streptomyces sp.,1
265,GCF_000527195.1,Streptomyces sp.,1
266,GCF_000590515.1,Streptomyces sp.,1
267,GCF_000612545.1,Streptomyces sp.,1
268,GCF_000647875.1,Streptomyces sp.,1
268,GCF_009862115.1,Streptomyces sp.,1
269,GCF_000695235.1,Streptomyces albulus,3
270,GCF_000698495.1,Streptomyces sp.,6
271,GCF_003122345.2,Streptomyces xinghaiensis,1
271,GCF_002966105.1,Streptomyces xinghaiensis,1
271,GCF_001756925.1,Streptomyces fradiae,1
271,GCF_001190165.1,Streptomyces fradiae,1
271,GCF_000700005.2,Streptomyces xinghaiensis,1
272,GCF_000709915.1,Streptomyces griseorubens,1
273,GCF_000716025.1,Streptomyces baarnensis,1
274,GCF_000716515.1,Streptomyces rimosus,1
275,GCF_000716625.1,Streptomyces bikiniensis,1
276,GCF_000716685.1,Streptomyces virginiae,1
277,GCF_000717595.1,Streptomyces flavochromogenes,1
278,GCF_000717655.1,Streptomyces katrae,1
279,GCF_000717745.1,Streptomyces violens,1
280,GCF_000717795.1,Streptomyces griseus,1
281,GCF_000717845.1,Streptomyces violaceoruber,1
282,GCF_000717925.1,Streptomyces sp.,1
283,GCF_000718015.1,Streptomyces catenulae,1
284,GCF_000718165.1,Streptomyces fulvoviolaceus,1
285,GCF_000718205.1,Streptomyces griseus,1
285,GCF_000718915.1,Streptomyces sp.,1
285,GCF_000719035.1,Streptomyces griseus,1
285,GCF_000721205.1,Streptomyces griseus,1
285,GCF_001270675.1,Streptomyces griseus,1
286,GCF_000718235.1,Streptomyces griseus,1
287,GCF_000718375.1,Streptomyces sp.,1
287,GCF_001279005.1,Streptomyces caelestis,1
288,GCF_000718455.1,Streptomyces globisporus,1
289,GCF_000718525.1,Streptomyces griseus,1
289,GCF_000721035.1,Streptomyces griseus,1
290,GCF_000718675.1,Streptomyces rimosus,1
290,GCF_000721665.1,Streptomyces rimosus,1
291,GCF_017876235.1,Streptomyces cinnamonensis,7
291,GCF_000719625.1,Streptomyces sp.,1
291,GCF_000718705.1,Streptomyces lavendulae,1
292,GCF_000718755.1,Streptomyces rimosus,1
292,GCF_000719185.1,Streptomyces rimosus,1
292,GCF_001270585.1,Streptomyces griseoflavus,1
293,GCF_000718775.1,Streptomyces sp.,1
294,GCF_000718935.1,Streptomyces sp.,1
295,GCF_000718955.1,Streptomyces sp.,1
295,GCF_000720795.1,Streptomyces sp.,1
296,GCF_000719265.1,Streptomyces roseoverticillatus,1
297,GCF_000719355.1,Streptomyces griseus,1
298,GCF_000719365.1,Streptomyces sp.,1
299,GCF_000719425.1,Streptomyces sp.,1
300,GCF_000719495.1,Streptomyces albidoflavus,1
301,GCF_000719505.1,Streptomyces sp.,1
302,GCF_000719555.1,Streptomyces sp.,1
303,GCF_000719585.1,Streptomyces sp.,1
304,GCF_000719605.1,Streptomyces sp.,1
305,GCF_000719655.1,Streptomyces sp.,1
306,GCF_000719695.1,Streptomyces sp.,1
307,GCF_000719735.1,Streptomyces sp.,1
308,GCF_000719785.1,Streptomyces sp.,1
309,GCF_000719865.1,Streptomyces albus,1
310,GCF_000719895.1,Streptomyces sp.,1
311,GCF_000719925.1,Streptomyces sp.,1
312,GCF_000720135.1,Streptomyces sp.,1
313,GCF_000720175.1,Streptomyces sp.,1
314,GCF_000720215.1,Streptomyces sp.,1
315,GCF_000720395.1,Streptomyces flavovirens,1
316,GCF_000720405.1,Streptomyces sp.,1
317,GCF_000720505.1,Streptomyces sp.,1
318,GCF_000720675.1,Streptomyces sp.,1
319,GCF_000720805.1,Streptomyces violaceoruber,1
320,GCF_000720915.1,Streptomyces albus,1
321,GCF_000721105.1,Streptomyces cellulosae,1
322,GCF_000721185.1,Streptomyces griseolus,1
323,GCF_000721435.1,Streptomyces sp.,1
324,GCF_000721535.1,Streptomyces hygroscopicus,1
325,GCF_000721575.1,Streptomyces griseus,1
326,GCF_000721595.1,Streptomyces sp.,1
327,GCF_000721605.1,Streptomyces sp.,1
328,GCF_001513955.1,Streptomyces pseudovenezuelae,1
328,GCF_000721945.1,Streptomyces sp.,1
329,GCF_000722185.1,Streptomyces sp.,1
330,GCF_000725555.1,Streptomyces erythrochromogenes,1
331,GCF_000725565.1,Streptomyces peucetius,1
331,GCF_001279065.1,Streptomyces rimosus,1
332,GCF_000725635.1,Streptomyces sp.,1
333,GCF_000725725.1,Streptomyces xanthophaeus,1
334,GCF_000725795.1,Streptomyces seoulensis,1
334,GCF_004328625.1,Streptomyces seoulensis,4
335,GCF_001550245.1,Streptomyces scabiei,5
335,GCF_000738715.1,Streptomyces scabiei,1
335,GCF_001005405.1,Streptomyces scabiei,1
336,GCF_000739045.1,Streptomyces luteus,6
337,GCF_000743295.1,Streptomyces sp.,1
338,GCF_000745675.1,Streptomyces atratus,1
339,GCF_000745715.1,Streptomyces mirabilis,1
340,GCF_000797385.1,Streptomyces sp.,1
341,GCF_000800535.1,Streptomyces sp.,1
342,GCF_000805335.1,Streptomyces sp.,5
343,GCF_000816025.1,Streptomyces sp.,6
344,GCF_000816485.1,Streptomyces sp.,1
345,GCF_000829695.1,Streptomyces sp.,1
346,GCF_000829715.2,Streptomyces lydicamycinicus,1
347,GCF_000931445.1,Streptomyces cyaneogriseus,5
348,GCF_003263925.1,Streptomyces badius,6
348,GCF_003147545.1,Streptomyces globisporus,6
348,GCF_000932225.2,Streptomyces griseus,6
348,GCF_003263885.1,Streptomyces badius,5
349,GCF_000935185.3,Streptomyces albulus,7
350,GCF_000956015.1,Streptomyces sp.,1
351,GCF_000968685.2,Streptomyces antioxidans,1
352,GCF_000972435.1,Streptomyces sp.,1
353,GCF_000980885.2,Streptomyces malaysiense,1
354,GCF_001008135.1,Streptomyces stelliscabiei,1
354,GCF_001189035.1,Streptomyces stelliscabiei,1
354,GCF_014873495.1,Streptomyces stelliscabiei,6
355,GCF_001014595.1,Streptomyces sp.,1
356,GCF_001040905.1,Streptomyces sp.,1
357,GCF_001047315.1,Streptomyces leeuwenhoekii,1
358,GCF_001187435.1,Streptomyces caatingaensis,6
359,GCF_001189025.1,Streptomyces europaeiscabiei,1
360,GCF_001267885.1,Streptomyces ambofaciens,5
361,GCF_001270565.1,Streptomyces virginiae,1
362,GCF_001279345.1,Streptomyces rimosus,1
363,GCF_001279365.1,Streptomyces sp.,1
364,GCF_001279425.1,Streptomyces sp.,1
365,GCF_001279445.1,Streptomyces sp.,1
365,GCF_001279485.1,Streptomyces sp.,1
365,GCF_001279845.1,Streptomyces sp.,1
365,GCF_001279885.1,Streptomyces sp.,1
365,GCF_001279925.1,Streptomyces sp.,1
365,GCF_014217585.1,Streptomyces sp.,7
366,GCF_001279455.1,Streptomyces sp.,1
367,GCF_001279495.1,Streptomyces sp.,1
368,GCF_001279625.1,Streptomyces sp.,1
369,GCF_001279685.1,Streptomyces sp.,1
370,GCF_001279735.1,Streptomyces sp.,1
371,GCF_001279765.1,Streptomyces sp.,1
372,GCF_001279815.1,Streptomyces sp.,1
372,GCF_001279855.1,Streptomyces sp.,1
372,GCF_001279965.1,Streptomyces sp.,1
373,GCF_001279905.1,Streptomyces sp.,1
374,GCF_001279935.1,Streptomyces sp.,1
375,GCF_001282115.1,Streptomyces sp.,1
375,GCF_002156095.1,Streptomyces sp.,1
376,GCF_001294345.1,Streptomyces sp.,1
377,GCF_001417695.1,Streptomyces sp.,1
378,GCF_001418135.1,Streptomyces aureus,1
379,GCF_001418175.1,Streptomyces hirsutus,1
380,GCF_001418395.1,Streptomyces prasinopilosus,1
381,GCF_001418415.1,Streptomyces hirsutus,1
382,GCF_001418625.1,Streptomyces luridiscabiei,1
383,GCF_001419695.1,Streptomyces prasinopilosus,1
384,GCF_001419705.1,Streptomyces prasinus,1
385,GCF_001425805.1,Streptomyces sp.,1
386,GCF_001426325.1,Streptomyces sp.,1
386,GCF_001427565.1,Streptomyces sp.,1
387,GCF_009846825.1,Streptomyces sp.,1
387,GCF_001431765.1,Streptomyces sp.,5
388,GCF_001434355.1,Streptomyces anulatus,6
389,GCF_001445655.1,Streptomyces roseifaciens,3
390,GCF_001469455.2,Streptomyces sp.,1
391,GCF_001485125.1,Streptomyces scabiei,1
392,GCF_001509565.1,Streptomyces albidoflavus,1
393,GCF_001509775.1,Streptomyces violaceusniger,1
394,GCF_001509795.1,Streptomyces sp.,1
394,GCF_001509785.1,Streptomyces sp.,1
395,GCF_001513975.1,Streptomyces curacoi,1
396,GCF_001513985.1,Streptomyces griseorubiginosus,1
397,GCF_001514045.1,Streptomyces canus,1
398,GCF_001514055.1,Streptomyces corchorusii,1
399,GCF_001514145.1,Streptomyces canus,1
400,GCF_001514235.1,Streptomyces caeruleatus,1
401,GCF_001531145.1,Streptomyces sp.,1
402,GCF_001550215.1,Streptomyces scabiei,5
403,GCF_017968935.1,Streptomyces sp.,3
403,GCF_017968905.1,Streptomyces sp.,2
403,GCF_017933255.1,Streptomyces sp.,3
403,GCF_017933115.1,Streptomyces sp.,3
403,GCF_003584815.1,Streptomyces scabiei,1
403,GCF_001550225.1,Streptomyces scabiei,6
403,GCF_017969045.1,Streptomyces sp.,4
404,GCF_001550295.1,Streptomyces scabiei,6
405,GCF_001572115.1,Streptomyces scabiei,6
405,GCF_017969075.1,Streptomyces sp.,5
406,GCF_001579685.1,Streptomyces scabiei,6
407,GCF_002943895.1,Streptomyces sp.,1
407,GCF_001592685.1,Streptomyces sp.,1
408,GCF_001598115.1,Streptomyces sp.,5
409,GCF_001632865.1,Streptomyces ambofaciens,6
410,GCF_001640565.1,Streptomyces sp.,1
410,GCF_001650215.1,Streptomyces sp.,5
411,GCF_001652895.1,Streptomyces sp.,1
412,GCF_014083905.1,Streptomyces lincolnensis,1
412,GCF_003344445.1,Streptomyces lincolnensis,1
412,GCF_001685355.1,Streptomyces lincolnensis,1
413,GCF_001705785.1,Streptomyces hygroscopicus,1
414,GCF_001723075.1,Streptomyces niveus,1
415,GCF_001729485.1,Streptomyces lydicus,7
416,GCF_001735805.1,Streptomyces fodineus,5
417,GCF_001746295.1,Streptomyces sp.,1
418,GCF_001746305.1,Streptomyces sp.,1
419,GCF_001746425.1,Streptomyces subrutilus,3
420,GCF_001751305.1,Streptomyces nanshensis,2
421,GCF_001865795.1,Streptomyces albidoflavus,1
422,GCF_001866665.1,Streptomyces monashensis,1
423,GCF_001866675.1,Streptomyces sp.,1
424,GCF_001888885.1,Streptomyces viridifaciens,7
425,GCF_001905005.1,Streptomyces sp.,1
426,GCF_001905385.1,Streptomyces sp.,1
427,GCF_001905405.1,Streptomyces sp.,1
428,GCF_001905485.1,Streptomyces sp.,1
428,GCF_014495705.1,Streptomyces sp.,1
429,GCF_001905505.1,Streptomyces sp.,1
430,GCF_001905525.1,Streptomyces sp.,1
431,GCF_001905575.1,Streptomyces sp.,1
432,GCF_001905645.1,Streptomyces sp.,1
433,GCF_001905785.1,Streptomyces sp.,1
434,GCF_001905825.1,Streptomyces sp.,1
435,GCF_001905855.1,Streptomyces sp.,1
436,GCF_001905905.1,Streptomyces sp.,1
437,GCF_001941845.1,Streptomyces sp.,5
438,GCF_001953875.1,Streptomyces amritsarensis,1
439,GCF_001984445.1,Streptomyces lydicus,6
440,GCF_002005565.1,Streptomyces sp.,1
441,GCF_002021875.1,Streptomyces hygroscopicus,5
442,GCF_014203435.1,Streptomyces sp.,7
442,GCF_002028385.1,Streptomyces sp.,6
442,GCF_014203415.1,Streptomyces sp.,7
443,GCF_002028425.1,Streptomyces katrae,3
443,GCF_003814735.1,Streptomyces sp.,4
444,GCF_002080455.1,Streptomyces sp.,7
445,GCF_002082175.1,Streptomyces violaceoruber,6
446,GCF_002090335.1,Streptomyces sp.,5
447,GCF_002094995.1,Streptomyces sp.,3
448,GCF_002114065.1,Streptomyces griseofuscus,3
449,GCF_002150735.1,Streptomyces africanus,1
450,GCF_002154555.1,Streptomyces murinus,1
451,GCF_002156055.1,Streptomyces viridochromogenes,1
452,GCF_002158965.1,Streptomyces lavendulae,1
453,GCF_002188335.1,Streptomyces sp.,11
454,GCF_002188345.1,Streptomyces sp.,10
455,GCF_002217715.1,Streptomyces sp.,5
456,GCF_002224125.1,Streptomyces sp.,1
457,GCF_002242805.1,Streptomyces diastatochromogenes,1
458,GCF_002251155.1,Streptomyces sp.,1
459,GCF_002261115.1,Streptomyces kasugaensis,4
460,GCF_002289335.1,Streptomyces albidoflavus,1
460,GCF_002317005.1,Streptomyces albidoflavus,1
460,GCF_002317025.1,Streptomyces albidoflavus,1
460,GCF_013363555.1,Streptomyces fungicidicus,1
461,GCF_002382885.1,Streptomyces sp.,1
462,GCF_002551015.1,Streptomyces sp.,1
462,GCF_002551055.1,Streptomyces sp.,1
463,GCF_002551045.1,Streptomyces sp.,1
464,GCF_002551105.1,Streptomyces sp.,1
465,GCF_002551135.1,Streptomyces sp.,1
466,GCF_002551145.1,Streptomyces sp.,1
467,GCF_002551175.1,Streptomyces sp.,1
468,GCF_002551225.1,Streptomyces sp.,1
469,GCF_002551305.1,Streptomyces sp.,1
470,GCF_002551335.1,Streptomyces sp.,1
471,GCF_002551345.1,Streptomyces sp.,1
472,GCF_002551375.1,Streptomyces sp.,1
473,GCF_002551415.1,Streptomyces sp.,1
474,GCF_002551425.1,Streptomyces sp.,1
475,GCF_002551435.1,Streptomyces sp.,1
476,GCF_002551465.1,Streptomyces sp.,1
477,GCF_002551475.1,Streptomyces sp.,1
478,GCF_002705695.1,Streptomyces sp.,1
478,GCF_009863235.1,Streptomyces sp.,1
478,GCF_900090065.1,Streptomyces sp.,1
479,GCF_002754435.1,Streptomyces sp.,7
480,GCF_003550115.1,Streptomyces sp.,5
480,GCF_900187385.1,Streptomyces sp.,6
480,GCF_900105775.1,Streptomyces sp.,4
480,GCF_900105235.1,Streptomyces sp.,6
480,GCF_900102245.1,Streptomyces sp.,6
480,GCF_003610145.1,Streptomyces sp.,4
480,GCF_002754455.1,Streptomyces sp.,5
481,GCF_002761895.1,Streptomyces sp.,1
482,GCF_002777535.1,Streptomyces peucetius,2
483,GCF_002802945.1,Streptomyces sp.,1
484,GCF_002803175.1,Streptomyces sp.,1
485,GCF_002804165.1,Streptomyces cavourensis,1
486,GCF_002813225.1,Streptomyces sp.,5
487,GCF_002813405.1,Streptomyces sp.,2
488,GCF_002832675.1,Streptomyces sp.,4
489,GCF_002844215.1,Streptomyces sp.,1
490,GCF_002846295.1,Streptomyces sp.,6
491,GCF_002846315.1,Streptomyces sp.,3
491,GCF_900215565.1,Streptomyces sp.,5
492,GCF_002846455.1,Streptomyces sp.,4
492,GCF_900105245.1,Streptomyces sp.,4
493,GCF_002879675.2,Streptomyces sp.,1
494,GCF_002891315.1,Streptomyces noursei,7
495,GCF_002891435.1,Streptomyces sp.,1
496,GCF_002899455.1,Streptomyces sp.,6
497,GCF_002910775.2,Streptomyces sp.,5
498,GCF_002910815.1,Streptomyces sp.,7
498,GCF_002910795.1,Streptomyces sp.,5
499,GCF_002910875.1,Streptomyces sp.,4
500,GCF_002910905.1,Streptomyces sp.,1
501,GCF_002910935.1,Streptomyces sp.,7
501,GCF_002910985.1,Streptomyces sp.,7
502,GCF_002939385.1,Streptomyces sp.,1
503,GCF_002941025.1,Streptomyces sp.,6
504,GCF_003013745.1,Streptomyces sp.,1
505,GCF_003024215.1,Streptomyces sp.,10
506,GCF_003041235.1,Streptomyces sp.,1
507,GCF_003048205.2,Streptomyces chartreusis,4
508,GCF_003074055.1,Streptomyces nigra,6
509,GCF_003112555.1,Streptomyces coelicoflavus,1
510,GCF_003112595.1,Streptomyces rubrogriseus,1
511,GCF_003116675.1,Streptomyces sp.,1
512,GCF_003116715.1,Streptomyces sp.,1
513,GCF_003116755.1,Streptomyces sp.,5
514,GCF_003116775.1,Streptomyces sp.,4
515,GCF_003116795.1,Streptomyces sp.,1
516,GCF_003143935.1,Streptomyces sp.,1
517,GCF_003148825.1,Streptomyces sp.,1
518,GCF_900207595.1,Streptomyces microflavus,1
518,GCF_003268965.1,Streptomyces avidinii,1
519,GCF_003330865.1,Streptomyces atratus,6
520,GCF_003352445.1,Streptomyces cavourensis,4
521,GCF_003353555.1,Streptomyces sp.,5
522,GCF_003363195.1,Streptomyces sp.,2
523,GCF_003367645.1,Streptomyces sp.,1
524,GCF_003369795.1,Streptomyces sp.,6
525,GCF_003386845.1,Streptomyces sp.,6
526,GCF_003389455.1,Streptomyces inhibens,1
527,GCF_003443735.1,Streptomyces sp.,6
528,GCF_003595235.1,Streptomyces griseorubiginosus,5
529,GCF_003595545.1,Streptomyces sp.,6
530,GCF_003610995.1,Streptomyces griseus,5
531,GCF_003634815.1,Streptomyces sp.,2
532,GCF_003671675.1,Streptomyces sp.,1
533,GCF_003671685.1,Streptomyces sp.,1
534,GCF_003671715.1,Streptomyces sp.,2
535,GCF_003671755.1,Streptomyces sp.,1
536,GCF_003675955.1,Streptomyces rapamycinicus,4
536,GCF_014205315.1,Streptomyces rapamycinicus,4
537,GCF_003687515.1,Streptomyces sp.,1
538,GCF_003751175.1,Streptomyces sp.,4
539,GCF_003751985.1,Streptomyces sp.,5
540,GCF_003752205.1,Streptomyces sp.,1
541,GCF_003814525.1,Streptomyces sp.,4
542,GCF_003865135.1,Streptomyces chrestomyceticus,3
543,GCF_003865155.1,Streptomyces rimosus,4
544,GCF_003933295.1,Streptomyces griseofuscus,1
545,GCF_003933485.1,Streptomyces griseofuscus,1
546,GCF_003933965.1,Streptomyces sp.,1
547,GCF_003935055.1,Streptomyces alboflavus,2
548,GCF_003945525.1,Streptomyces sp.,1
549,GCF_003947265.1,Streptomyces sp.,1
550,GCF_003947555.1,Streptomyces sp.,1
551,GCF_003947575.1,Streptomyces sp.,1
552,GCF_003947585.1,Streptomyces sp.,1
553,GCF_003949535.1,Streptomyces sp.,1
554,GCF_003949695.1,Streptomyces sp.,1
555,GCF_003949805.1,Streptomyces sp.,1
556,GCF_003949835.1,Streptomyces sp.,1
557,GCF_003949875.1,Streptomyces sp.,1
558,GCF_003949895.1,Streptomyces sp.,1
559,GCF_003949905.1,Streptomyces sp.,1
560,GCF_003950035.1,Streptomyces sp.,7
561,GCF_003955715.1,Streptomyces aquilus,5
562,GCF_003963535.1,Streptomyces cyaneochromogenes,2
563,GCF_003977875.1,Streptomyces sp.,1
564,GCF_003984905.1,Streptomyces sp.,1
565,GCF_003984925.1,Streptomyces sp.,1
566,GCF_003984935.1,Streptomyces sp.,1
567,GCF_003984965.1,Streptomyces sp.,1
567,GCF_014651095.1,Streptomyces geysiriensis,1
568,GCF_003984975.1,Streptomyces sp.,1
569,GCF_003989035.1,Streptomyces sp.,1
570,GCF_003994375.1,Streptomyces lydicus,6
570,GCF_004125275.1,Streptomyces lydicus,6
571,GCF_004000395.1,Streptomyces sp.,1
572,GCF_004000405.1,Streptomyces sp.,1
573,GCF_004078575.1,Streptomyces albidoflavus,1
574,GCF_004104485.1,Streptomyces sp.,7
575,GCF_004117935.1,Streptomyces roseicoloratus,1
576,GCF_004124335.1,Streptomyces sp.,6
577,GCF_004125265.1,Streptomyces lydicus,7
578,GCF_004125315.1,Streptomyces sp.,6
579,GCF_004151105.1,Streptomyces sp.,1
580,GCF_004195735.1,Streptomyces albidoflavus,1
581,GCF_004195745.1,Streptomyces albidoflavus,1
582,GCF_004195895.1,Streptomyces albidoflavus,1
583,GCF_004196225.1,Streptomyces sp.,1
584,GCF_004217355.1,Streptomyces sp.,1
585,GCF_004320085.1,Streptomyces kasugaensis,1
586,GCF_004341025.1,Streptomyces sp.,1
587,GCF_004342785.1,Streptomyces sp.,1
588,GCF_004343295.1,Streptomyces sp.,1
589,GCF_004343515.1,Streptomyces sp.,1
590,GCF_004364215.1,Streptomyces sp.,1
591,GCF_004364245.1,Streptomyces sp.,1
592,GCF_004364395.1,Streptomyces sp.,7
593,GCF_004364835.1,Streptomyces sp.,1
594,GCF_004524875.1,Streptomyces sp.,1
595,GCF_004563805.1,Streptomyces sp.,1
596,GCF_004794175.1,Streptomyces sp.,1
597,GCF_004794665.1,Streptomyces sp.,4
598,GCF_004795115.1,Streptomyces sp.,1
599,GCF_004795155.1,Streptomyces sp.,1
600,GCF_004795715.1,Streptomyces sp.,5
601,GCF_018619155.1,Streptomyces sp.,1
601,GCF_004798565.1,Streptomyces sp.,1
602,GCF_004803895.1,Streptomyces hawaiiensis,5
603,GCF_005234185.1,Streptomyces sp.,1
604,GCF_005490965.1,Streptomyces sp.,5
605,GCF_005938145.1,Streptomyces sp.,6
606,GCF_006516935.1,Streptomyces griseorubiginosus,4
607,GCF_006539185.1,Streptomyces gardneri,1
607,GCF_014655085.1,Streptomyces gardneri,1
608,GCF_006547175.1,Streptomyces ipomoeae,1
609,GCF_006547185.1,Streptomyces ipomoeae,1
610,GCF_006715605.1,Streptomyces sp.,4
611,GCF_006715825.1,Streptomyces sp.,2
612,GCF_006715925.1,Streptomyces sp.,5
613,GCF_006716135.1,Streptomyces asterosporus,3
614,GCF_014649215.1,Streptomyces cavourensis,1
614,GCF_006788935.1,Streptomyces cavourensis,6
615,GCF_007827595.1,Streptomyces sp.,1
616,GCF_007828695.1,Streptomyces sp.,1
617,GCF_007829875.1,Streptomyces capillispiralis,6
618,GCF_007896895.1,Streptomyces misionensis,6
619,GCF_007896905.1,Streptomyces albidoflavus,5
620,GCF_008016805.1,Streptomyces lavendulae,1
621,GCF_008039505.1,Streptomyces sp.,1
622,GCF_008042065.1,Streptomyces sp.,1
623,GCF_008042145.1,Streptomyces sp.,1
624,GCF_008064995.1,Streptomyces rochei,7
625,GCF_008086975.1,Streptomyces sp.,1
626,GCF_008087005.1,Streptomyces sp.,1
627,GCF_008180165.1,Streptomyces parvus,1
628,GCF_008632535.1,Streptomyces parvus,1
628,GCF_014648875.1,Streptomyces parvus,1
629,GCF_008634015.1,Streptomyces filamentosus,3
629,GCF_014654895.1,Streptomyces filamentosus,1
630,GCF_008634025.1,Streptomyces albofaciens,3
631,GCF_008639045.1,Streptomyces venezuelae,7
632,GCF_008642275.1,Streptomyces venezuelae,6
633,GCF_008642375.1,Streptomyces venezuelae,1
634,GCF_008704515.1,Streptomyces viridosporus,1
635,GCF_008704575.1,Streptomyces galilaeus,1
636,GCF_014650315.1,Streptomyces chartreusis,1
636,GCF_008704715.1,Streptomyces chartreusis,6
637,GCF_008704995.1,Streptomyces nodosus,5
637,GCF_017352335.1,Streptomyces nodosus,5
637,GCF_014205035.1,Streptomyces nodosus,5
638,GCF_008705135.1,Streptomyces coeruleorubidus,1
639,GCF_008705255.1,Streptomyces venezuelae,7
640,GCF_008973465.1,Streptomyces sp.,1
641,GCF_009208535.1,Streptomyces mobaraensis,1
642,GCF_009299385.1,Streptomyces cinereoruber,4
642,GCF_011758705.1,Streptomyces cinereoruber,4
642,GCF_014197485.1,Streptomyces cinereoruber,1
643,GCF_009377175.1,Streptomyces adustus,1
644,GCF_009604455.1,Streptomyces sp.,1
645,GCF_009739225.1,Streptomyces sp.,1
646,GCF_009811575.1,Streptomyces glebosus,7
646,GCF_014656235.1,Streptomyces glebosus,1
647,GCF_009829585.1,Streptomyces tendae,1
648,GCF_009831155.1,Streptomyces sp.,2
649,GCF_009832925.1,Streptomyces sp.,2
650,GCF_009834105.1,Streptomyces sp.,4
651,GCF_009834125.1,Streptomyces sp.,6
652,GCF_009834145.1,Streptomyces sp.,6
653,GCF_009852415.1,Streptomyces sp.,6
654,GCF_009857135.1,Streptomyces sp.,5
655,GCF_900091975.1,Streptomyces sp.,1
655,GCF_900091985.1,Streptomyces sp.,1
655,GCF_009862025.1,Streptomyces sp.,1
656,GCF_009862355.1,Streptomyces sp.,1
657,GCF_900091765.1,Streptomyces sp.,1
657,GCF_009862465.1,Streptomyces sp.,1
658,GCF_009862505.1,Streptomyces sp.,1
659,GCF_009862625.1,Streptomyces sp.,1
660,GCF_009862685.1,Streptomyces sp.,2
661,GCF_009862765.1,Streptomyces sp.,1
662,GCF_009863005.1,Streptomyces sp.,1
663,GCF_009863035.1,Streptomyces sp.,1
664,GCF_009863125.1,Streptomyces sp.,1
664,GCF_900091725.1,Streptomyces sp.,1
665,GCF_900091775.1,Streptomyces sp.,1
665,GCF_009863145.1,Streptomyces sp.,1
666,GCF_900091885.1,Streptomyces sp.,1
666,GCF_009863175.1,Streptomyces sp.,1
667,GCF_900187925.1,Streptomyces sp.,1
667,GCF_009864905.1,Streptomyces sp.,1
668,GCF_009865205.1,Streptomyces sp.,1
669,GCF_900091785.1,Streptomyces sp.,1
669,GCF_009865275.1,Streptomyces sp.,1
670,GCF_009865475.1,Streptomyces sp.,1
671,GCF_009865505.1,Streptomyces sp.,1
672,GCF_009865565.1,Streptomyces sp.,1
673,GCF_009865595.1,Streptomyces sp.,1
674,GCF_009872515.1,Streptomyces sp.,1
675,GCF_009872555.1,Streptomyces sp.,1
676,GCF_009872565.1,Streptomyces sp.,1
677,GCF_010119355.1,Streptomyces sp.,1
678,GCF_010523235.1,Streptomyces sp.,6
678,GCF_017979945.1,Streptomyces sp.,7
679,GCF_010548045.1,Streptomyces anulatus,1
680,GCF_010548165.1,Streptomyces cyaneofuscatus,1
681,GCF_010548175.1,Streptomyces halstedii,1
682,GCF_010548185.1,Streptomyces sp.,1
683,GCF_010548375.1,Streptomyces sp.,1
684,GCF_010548385.1,Streptomyces coelicoflavus,1
685,GCF_010548435.1,Streptomyces coelicoflavus,1
686,GCF_010548465.1,Streptomyces sp.,1
687,GCF_010548505.1,Streptomyces sp.,1
688,GCF_010548565.1,Streptomyces griseus,1
689,GCF_010548615.1,Streptomyces anulatus,1
690,GCF_010548665.1,Streptomyces parvus,1
691,GCF_010550525.1,Streptomyces anulatus,1
691,GCF_010548705.1,Streptomyces anulatus,1
692,GCF_010548725.1,Streptomyces sp.,1
693,GCF_010550325.1,Streptomyces rubrogriseus,1
694,GCF_010550365.1,Streptomyces sp.,1
695,GCF_010550375.1,Streptomyces sp.,1
696,GCF_010550405.1,Streptomyces rochei,1
697,GCF_010550435.1,Streptomyces sp.,1
698,GCF_010550625.1,Streptomyces albidoflavus,1
699,GCF_010550645.1,Streptomyces sp.,1
700,GCF_010892295.1,Streptomyces rhizosphaericus,1
701,GCF_010993835.1,Streptomyces sp.,5
702,GCF_011008945.1,Streptomyces sp.,1
703,GCF_011055525.1,Streptomyces sp.,1
704,GCF_011170105.1,Streptomyces rutgersensis,3
705,GCF_011170125.1,Streptomyces diastaticus,5
705,GCF_014648935.1,Streptomyces diastaticus,1
706,GCF_011290345.1,Streptomyces sp.,1
707,GCF_011317205.1,Streptomyces sp.,3
708,GCF_012184365.1,Streptomyces sp.,1
709,GCF_012927225.1,Streptomyces sp.,1
709,GCF_012927245.1,Streptomyces sp.,1
710,GCF_013046785.1,Streptomyces sp.,3
711,GCF_013363665.1,Streptomyces sp.,1
711,GCF_013363455.1,Streptomyces sp.,1
712,GCF_013363585.1,Streptomyces sp.,1
712,GCF_013363485.1,Streptomyces sp.,1
712,GCF_013363465.1,Streptomyces odorifer,1
712,GCF_015601545.1,Streptomyces albidoflavus,7
713,GCF_013363475.1,Streptomyces sp.,1
714,GCF_013363575.1,Streptomyces sp.,1
715,GCF_013363655.1,Streptomyces sp.,1
716,GCF_013363675.1,Streptomyces sp.,1
717,GCF_013363715.1,Streptomyces sp.,1
718,GCF_013363735.1,Streptomyces sp.,1
719,GCF_013364095.1,Streptomyces harbinensis,5
720,GCF_013364175.1,Streptomyces sp.,2
721,GCF_013364315.1,Streptomyces fulvissimus,6
722,GCF_013371965.1,Streptomyces sp.,1
723,GCF_013375055.1,Streptomyces chartreusis,1
724,GCF_013394065.1,Streptomyces rectiverticillatus,3
725,GCF_013401535.1,Streptomyces sp.,1
726,GCF_013423905.1,Streptomyces sp.,6
727,GCF_013870595.1,Streptomyces sp.,1
728,GCF_014076605.1,Streptomyces sp.,1
729,GCF_014649315.1,Streptomyces calvus,1
729,GCF_014138735.1,Streptomyces calvus,1
730,GCF_014138855.1,Streptomyces murinus,7
731,GCF_014138905.1,Streptomyces murinus,7
732,GCF_014202475.1,Streptomyces paradoxus,1
733,GCF_014203495.1,Streptomyces albaduncus,1
733,GCF_014650615.1,Streptomyces albaduncus,1
734,GCF_014649635.1,Streptomyces griseostramineus,1
734,GCF_014203535.1,Streptomyces griseostramineus,1
735,GCF_014203595.1,Streptomyces echinatus,1
736,GCF_014205055.1,Streptomyces luteogriseus,1
737,GCF_014205255.1,Streptomyces caelestis,6
737,GCF_014650295.1,Streptomyces caelestis,1
738,GCF_014207295.1,Streptomyces sp.,1
739,GCF_014253015.1,Streptomyces sp.,1
740,GCF_014281095.1,Streptomyces sp.,7
741,GCF_014596915.1,Streptomyces sp.,1
742,GCF_014648195.1,Streptomyces purpureus,1
743,GCF_014648635.1,Streptomyces cinerochromogenes,1
744,GCF_014648655.1,Streptomyces atratus,1
745,GCF_014649055.1,Streptomyces gancidicus,1
746,GCF_014649135.1,Streptomyces niveoruber,1
747,GCF_014649475.1,Streptomyces daghestanicus,1
748,GCF_014649515.1,Streptomyces flavoviridis,1
749,GCF_014649535.1,Streptomyces gelaticus,1
750,GCF_014649595.1,Streptomyces griseomycini,1
751,GCF_014649695.1,Streptomyces kurssanovii,1
752,GCF_014649875.1,Streptomyces rubiginosohelvolus,1
753,GCF_014649895.1,Streptomyces rubiginosus,1
754,GCF_014649995.1,Streptomyces griseoflavus,1
755,GCF_014650055.1,Streptomyces malachitofuscus,1
756,GCF_014650115.1,Streptomyces olivaceoviridis,1
757,GCF_014650135.1,Streptomyces plicatus,1
758,GCF_014650155.1,Streptomyces purpurascens,1
759,GCF_014650435.1,Streptomyces tendae,1
760,GCF_014650735.1,Streptomyces canarius,1
761,GCF_014650895.1,Streptomyces omiyaensis,1
762,GCF_014651075.1,Streptomyces djakartensis,1
763,GCF_014655335.1,Streptomyces griseus,1
764,GCF_014655475.1,Streptomyces viridodiastaticus,1
765,GCF_014656075.1,Streptomyces hydrogenans,1
766,GCF_014673495.1,Streptomyces griseofuscus,7
767,GCF_014701095.1,Streptomyces tuirus,5
768,GCF_014748265.1,Streptomyces sp.,5
769,GCF_014748275.1,Streptomyces sp.,1
770,GCF_014905535.1,Streptomyces sp.,1
771,GCF_015163075.1,Streptomyces sp.,1
772,GCF_015244315.1,Streptomyces olivaceus,3
773,GCF_015475835.1,Streptomyces sp.,1
774,GCF_015645455.1,Streptomyces olivaceus,1
775,GCF_015680775.2,Streptomyces sp.,1
776,GCF_015710995.1,Streptomyces gardneri,7
777,GCF_016432735.1,Streptomyces sp.,5
778,GCF_016457305.1,Streptomyces sp.,7
779,GCF_016467295.1,Streptomyces costaricanus,6
780,GCF_016612545.1,Streptomyces sp.,1
781,GCF_016654065.1,Streptomyces sp.,1
781,GCF_016612575.1,Streptomyces sp.,1
781,GCF_016612645.1,Streptomyces sp.,1
782,GCF_016612625.1,Streptomyces sp.,1
783,GCF_016612665.1,Streptomyces sp.,1
784,GCF_016612775.1,Streptomyces sp.,1
784,GCF_016612725.1,Streptomyces sp.,1
784,GCF_016612705.1,Streptomyces sp.,1
785,GCF_016613335.1,Streptomyces sp.,1
785,GCF_016613285.1,Streptomyces sp.,1
786,GCF_016653995.1,Streptomyces sp.,1
787,GCF_016654055.1,Streptomyces sp.,1
788,GCF_016654115.1,Streptomyces sp.,1
789,GCF_016741825.1,Streptomyces sp.,1
790,GCF_016741855.1,Streptomyces sp.,1
791,GCF_016741935.1,Streptomyces sp.,1
792,GCF_016772455.1,Streptomyces fulvissimus,1
793,GCF_016803985.1,Streptomyces koyangensis,5
794,GCF_016860525.1,Streptomyces achromogenes,3
795,GCF_016901035.1,Streptomyces sp.,1
796,GCF_016909575.1,Streptomyces sp.,1
797,GCF_016917755.1,Streptomyces noursei,1
798,GCF_017311125.1,Streptomyces sp.,6
799,GCF_017358145.1,Streptomyces sp.,6
800,GCF_017526105.1,Streptomyces cyanogenus,1
801,GCF_017592595.1,Streptomyces sp.,1
802,GCF_017614965.1,Streptomyces griseorubiginosus,1
803,GCF_017877015.1,Streptomyces sp.,7
804,GCF_017933235.1,Streptomyces sp.,5
804,GCF_017968965.1,Streptomyces sp.,5
805,GCF_017948495.1,Streptomyces sp.,1
806,GCF_017969005.1,Streptomyces sp.,3
807,GCF_017969025.1,Streptomyces sp.,2
808,GCF_018070055.1,Streptomyces sp.,1
809,GCF_018070125.1,Streptomyces sp.,1
810,GCF_018070145.1,Streptomyces sp.,1
811,GCF_018070175.1,Streptomyces sp.,1
811,GCF_018070265.1,Streptomyces sp.,1
812,GCF_018070205.1,Streptomyces sp.,1
813,GCF_018070225.1,Streptomyces sp.,1
814,GCF_018070255.1,Streptomyces sp.,1
815,GCF_018070535.1,Streptomyces sp.,1
816,GCF_018070665.1,Streptomyces sp.,1
817,GCF_018070745.1,Streptomyces sp.,1
818,GCF_018128905.1,Streptomyces sp.,6
819,GCF_018530775.1,Streptomyces sp.,1
820,GCF_018530825.1,Streptomyces sp.,1
821,GCF_018614185.1,Streptomyces sp.,1
821,GCF_018614355.1,Streptomyces sp.,1
822,GCF_018614415.1,Streptomyces sp.,1
823,GCF_018619135.1,Streptomyces sp.,1
824,GCF_018619165.1,Streptomyces sp.,1
824,GCF_018619195.1,Streptomyces sp.,1
824,GCF_018619235.1,Streptomyces sp.,1
825,GCF_018619185.1,Streptomyces sp.,1
826,GCF_018638305.1,Streptomyces sp.,1
827,GCF_018638335.1,Streptomyces sp.,1
828,GCF_018966745.1,Streptomyces sp.,1
829,GCF_018982965.1,Streptomyces sp.,1
830,GCF_019049125.1,Streptomyces sp.,1
831,GCF_019049185.1,Streptomyces anulatus,1
832,GCF_019049245.1,Streptomyces sp.,1
833,GCF_019049255.1,Streptomyces sp.,1
834,GCF_019049285.1,Streptomyces sp.,1
835,GCF_019067045.1,Streptomyces sp.,1
836,GCF_019090105.1,Streptomyces sp.,1
837,GCF_900079405.2,Streptomyces sp.,1
838,GCF_900079415.1,Streptomyces sp.,1
839,GCF_900091315.1,Streptomyces sp.,1
840,GCF_900091865.1,Streptomyces sp.,1
841,GCF_900091875.1,Streptomyces sp.,1
842,GCF_900091905.1,Streptomyces sp.,1
843,GCF_900092005.1,Streptomyces sp.,1
844,GCF_900104815.1,Streptomyces misionensis,4
845,GCF_900105265.1,Streptomyces sp.,1
846,GCF_900105395.1,Streptomyces sp.,10
847,GCF_900105465.1,Streptomyces sp.,5
848,GCF_900105605.1,Streptomyces sp.,6
849,GCF_900105915.1,Streptomyces sp.,7
850,GCF_900119365.1,Streptomyces atratus,1
851,GCF_900171555.1,Streptomyces albidoflavus,1
852,GCF_900206255.1,Streptomyces sp.,4
853,GCF_900215595.1,Streptomyces sp.,6
854,GCF_900215615.1,Streptomyces sp.,6
